master_run_number,chirp_rate,fraction,CA+_mean,CA+_std_dev,CA+_percentile_0,CA+_percentile_10,CA+_percentile_20,CA+_percentile_30,CA+_percentile_40,CA+_percentile_50,CA+_percentile_60,CA+_percentile_70,CA+_percentile_80,CA+_percentile_90,CA+_percentile_100,CA-_mean,CA-_std_dev,CA-_percentile_0,CA-_percentile_10,CA-_percentile_20,CA-_percentile_30,CA-_percentile_40,CA-_percentile_50,CA-_percentile_60,CA-_percentile_70,CA-_percentile_80,CA-_percentile_90,CA-_percentile_100
15795,25.09374,0.4355118735078506,4271.655457227139,2025.2223842035394,-3526.0,1709.6000000000004,2575.0,3207.0,3755.0,4282.0,4793.0,5312.0,5928.800000000003,6845.0,12323.0,4271.655457227139,2025.2223842035394,-3526.0,1709.6000000000004,2575.0,3207.0,3755.0,4282.0,4793.0,5312.0,5928.800000000003,6845.0,12323.0
15795,25.09374,0.4355118735078506,5514.95592920354,2053.338506334888,-2433.0,2893.0,3827.0,4477.0,5027.0,5528.0,6033.0,6555.0,7193.0,8078.0,13700.0,5514.95592920354,2053.338506334888,-2433.0,2893.0,3827.0,4477.0,5027.0,5528.0,6033.0,6555.0,7193.0,8078.0,13700.0
15795,25.09374,0.4355118735078506,4927.314985250738,2043.1421515987938,-2621.0,2325.0,3223.0,3890.0,4424.0,4929.0,5459.0,5989.0,6603.0,7497.4000000000015,13268.0,4927.314985250738,2043.1421515987938,-2621.0,2325.0,3223.0,3890.0,4424.0,4929.0,5459.0,5989.0,6603.0,7497.4000000000015,13268.0
15795,25.09647,0.5956258547138549,,,,,,,,,,,,,,,,,,,,,,,,,,
15795,25.09311,0.4356368688444734,4314.505899705015,1976.7280725921921,-3244.0,1810.6000000000004,2644.0,3284.0,3815.0,4306.0,4793.0,5312.0,5944.0,6829.0,12524.0,4314.505899705015,1976.7280725921921,-3244.0,1810.6000000000004,2644.0,3284.0,3815.0,4306.0,4793.0,5312.0,5944.0,6829.0,12524.0
15795,25.09311,0.4356368688444734,3362.393569321534,2028.4407294788757,-4353.0,812.0,1673.0,2303.0,2849.0,3334.0,3859.0,4401.0,5027.0,5949.0,12872.0,3362.393569321534,2028.4407294788757,-4353.0,812.0,1673.0,2303.0,2849.0,3334.0,3859.0,4401.0,5027.0,5949.0,12872.0
15795,25.09311,0.4356368688444734,4764.423176470588,1995.714169143887,-3155.0,2236.0,3101.0,3730.7999999999993,4258.0,4767.0,5253.0,5774.0,6401.800000000003,7271.4000000000015,13231.0,4764.423176470588,1995.714169143887,-3155.0,2236.0,3101.0,3730.7999999999993,4258.0,4767.0,5253.0,5774.0,6401.800000000003,7271.4000000000015,13231.0
15795,25.09192,0.63827013183441,,,,,,,,,,,,,,,,,,,,,,,,,,
15795,25.09661,0.5608777218123492,4144.249294117647,1977.9683999362985,-3800.0,1629.0,2491.0,3119.0,3650.0,4153.0,4644.0,5155.0,5779.800000000003,6640.0,12363.0,4144.249294117647,1977.9683999362985,-3800.0,1629.0,2491.0,3119.0,3650.0,4153.0,4644.0,5155.0,5779.800000000003,6640.0,12363.0
15795,25.09661,0.5608777218123492,5375.906253687315,2004.715879736644,-2737.0,2853.0,3734.0,4336.0,4861.0,5367.0,5852.0,6401.0,7003.0,7921.0,14771.0,5375.906253687315,2004.715879736644,-2737.0,2853.0,3734.0,4336.0,4861.0,5367.0,5852.0,6401.0,7003.0,7921.0,14771.0
15795,25.09661,0.5608777218123492,4518.142064896755,2039.8647493470676,-3300.0,1904.0,2826.0,3481.0,4003.0,4517.0,5018.0,5544.0,6179.0,7101.4000000000015,13373.0,4518.142064896755,2039.8647493470676,-3300.0,1904.0,2826.0,3481.0,4003.0,4517.0,5018.0,5544.0,6179.0,7101.4000000000015,13373.0
15795,25.09675,0.4958371256090273,,,,,,,,,,,,,,,,,,,,,,,,,,
15795,25.09255,0.5149142467854682,4285.936411764706,2025.4341233171995,-3566.0,1722.0,2620.0,3239.0,3775.0,4278.0,4769.0,5304.0,5948.0,6817.0,13703.0,4285.936411764706,2025.4341233171995,-3566.0,1722.0,2620.0,3239.0,3775.0,4278.0,4769.0,5304.0,5948.0,6817.0,13703.0
15795,25.09255,0.5149142467854682,5947.836882352941,2045.3332996428546,-2292.0,3350.0,4263.0,4874.0,5435.0,5949.0,6446.0,6979.0,7610.0,8539.0,14957.0,5947.836882352941,2045.3332996428546,-2292.0,3350.0,4263.0,4874.0,5435.0,5949.0,6446.0,6979.0,7610.0,8539.0,14957.0
15795,25.09255,0.5149142467854682,4268.129705882353,2036.9821489153787,-3680.0,1686.0,2579.000000000001,3206.0,3760.0,4268.0,4783.0,5321.0,5932.0,6838.0,13826.0,4268.129705882353,2036.9821489153787,-3680.0,1686.0,2579.000000000001,3206.0,3760.0,4268.0,4783.0,5321.0,5932.0,6838.0,13826.0
15795,25.09304,0.4532560899927401,,,,,,,,,,,,,,,,,,,,,,,,,,
15795,25.09388,0.4433794995957267,4169.823235294118,2004.7260562718827,-3981.0,1634.0,2515.0,3135.0,3682.0,4165.0,4656.0,5183.0,5787.0,6684.0,14166.0,4169.823235294118,2004.7260562718827,-3981.0,1634.0,2515.0,3135.0,3682.0,4165.0,4656.0,5183.0,5787.0,6684.0,14166.0
15795,25.09388,0.4433794995957267,4904.9021764705885,2048.454131639407,-3298.0,2294.6000000000004,3204.0,3873.7999999999993,4417.0,4918.0,5423.0,5965.0,6567.0,7476.0,15632.0,4904.9021764705885,2048.454131639407,-3298.0,2294.6000000000004,3204.0,3873.7999999999993,4417.0,4918.0,5423.0,5965.0,6567.0,7476.0,15632.0
15795,25.09388,0.4433794995957267,3978.5475294117646,2031.1257157720117,-4259.0,1383.0,2288.0,2919.0,3469.0,3979.0,4480.0,5022.0,5657.0,6547.0,12103.0,3978.5475294117646,2031.1257157720117,-4259.0,1383.0,2288.0,2919.0,3469.0,3979.0,4480.0,5022.0,5657.0,6547.0,12103.0
15795,25.09472,0.581278325808933,,,,,,,,,,,,,,,,,,,,,,,,,,
15795,25.09598,0.6623448072828666,4037.9853529411766,2006.9024102911737,-3840.0,1469.0,2362.0,3002.0,3533.0,4040.0,4535.0,5067.0,5686.0,6616.0,13297.0,4037.9853529411766,2006.9024102911737,-3840.0,1469.0,2362.0,3002.0,3533.0,4040.0,4535.0,5067.0,5686.0,6616.0,13297.0
15795,25.09598,0.6623448072828666,3362.384705882353,2000.4200534773502,-4798.0,820.0,1689.0,2323.0,2869.0,3374.0,3851.0,4360.0,4987.0,5880.4000000000015,12969.0,3362.384705882353,2000.4200534773502,-4798.0,820.0,1689.0,2323.0,2869.0,3374.0,3851.0,4360.0,4987.0,5880.4000000000015,12969.0
15795,25.09598,0.6623448072828666,4488.5902352941175,1975.0306698077177,-2787.0,2001.0,2842.0,3461.0,3979.0,4480.0,4965.0,5507.0,6122.0,6979.4000000000015,12439.0,4488.5902352941175,1975.0306698077177,-2787.0,2001.0,2842.0,3461.0,3979.0,4480.0,4965.0,5507.0,6122.0,6979.4000000000015,12439.0
15795,25.09493,0.5895255844611749,,,,,,,,,,,,,,,,,,,,,,,,,,
15795,25.09633,0.640956260829066,4126.830383480826,2004.6855960960158,-3401.0,1557.0,2446.0,3074.0,3634.0,4141.0,4620.0,5147.0,5759.800000000003,6644.4000000000015,12605.0,4126.830383480826,2004.6855960960158,-3401.0,1557.0,2446.0,3074.0,3634.0,4141.0,4620.0,5147.0,5759.800000000003,6644.4000000000015,12605.0
15795,25.09633,0.640956260829066,4107.164955752212,2058.2135711512096,-4091.0,1487.0,2408.0,3031.0,3586.4000000000015,4090.0,4607.0,5141.199999999997,5771.0,6696.4000000000015,13680.0,4107.164955752212,2058.2135711512096,-4091.0,1487.0,2408.0,3031.0,3586.4000000000015,4090.0,4607.0,5141.199999999997,5771.0,6696.4000000000015,13680.0
15795,25.09633,0.640956260829066,4266.524058823529,2035.350407671713,-4133.0,1670.0,2575.0,3223.0,3756.0,4270.0,4751.0,5285.0,5920.0,6842.0,12499.0,4266.524058823529,2035.350407671713,-4133.0,1670.0,2575.0,3223.0,3756.0,4270.0,4751.0,5285.0,5920.0,6842.0,12499.0
15795,25.09423,0.4754284924287373,,,,,,,,,,,,,,,,,,,,,,,,,,
15795,25.09479,0.5520850666153335,4180.692764705882,2010.787569765668,-3844.0,1629.0,2519.0,3151.0,3682.0,4165.0,4660.0,5187.0,5811.0,6709.0,13522.0,4180.692764705882,2010.787569765668,-3844.0,1629.0,2519.0,3151.0,3682.0,4165.0,4660.0,5187.0,5811.0,6709.0,13522.0
15795,25.09479,0.5520850666153335,3242.2939233038346,2056.430117648381,-4761.0,642.0,1531.0,2198.0,2732.0,3237.0,3738.0,4296.0,4926.0,5831.0,12391.0,3242.2939233038346,2056.430117648381,-4761.0,642.0,1531.0,2198.0,2732.0,3237.0,3738.0,4296.0,4926.0,5831.0,12391.0
15795,25.09479,0.5520850666153335,4346.117522123894,2006.0995559912856,-2856.0,1810.6000000000004,2669.0,3322.7999999999993,3849.0,4345.0,4832.0,5347.199999999997,5968.0,6870.0,13470.0,4346.117522123894,2006.0995559912856,-2856.0,1810.6000000000004,2669.0,3322.7999999999993,3849.0,4345.0,4832.0,5347.199999999997,5968.0,6870.0,13470.0
15795,25.09591,0.6498442262798051,,,,,,,,,,,,,,,,,,,,,,,,,,
15795,25.09577,0.6534869905827069,4177.621828908555,2052.977203705275,-3405.0,1580.6000000000004,2471.0,3123.0,3654.0,4177.0,4664.0,5215.0,5884.0,6757.0,12645.0,4177.621828908555,2052.977203705275,-3405.0,1580.6000000000004,2471.0,3123.0,3654.0,4177.0,4664.0,5215.0,5884.0,6757.0,12645.0
15795,25.09577,0.6534869905827069,3924.934749262537,2019.979058097477,-3812.0,1353.0,2255.0,2885.0,3406.0,3908.0,4409.0,4934.0,5585.0,6482.0,12662.0,3924.934749262537,2019.979058097477,-3812.0,1353.0,2255.0,2885.0,3406.0,3908.0,4409.0,4934.0,5585.0,6482.0,12662.0
15795,25.09577,0.6534869905827069,4546.891470588235,2037.5979224504297,-2613.0,1953.0,2855.0,3493.0,4047.0,4545.0,5046.0,5608.0,6231.0,7093.4000000000015,13199.0,4546.891470588235,2037.5979224504297,-2613.0,1953.0,2855.0,3493.0,4047.0,4545.0,5046.0,5608.0,6231.0,7093.4000000000015,13199.0
15795,25.09283,0.5354168231871054,,,,,,,,,,,,,,,,,,,,,,,,,,
15795,25.09465,0.488329624605845,4156.311411764706,2034.0245049912908,-2943.0,1597.0,2463.0,3090.0,3634.0,4125.0,4648.0,5171.0,5815.0,6741.4000000000015,14376.0,4156.311411764706,2034.0245049912908,-2943.0,1597.0,2463.0,3090.0,3634.0,4125.0,4648.0,5171.0,5815.0,6741.4000000000015,14376.0
15795,25.09465,0.488329624605845,3847.3895294117647,2062.134339900349,-3674.0,1248.0,2101.0,2744.0,3309.0,3815.0,4352.0,4894.0,5573.0,6494.0,12775.0,3847.3895294117647,2062.134339900349,-3674.0,1248.0,2101.0,2744.0,3309.0,3815.0,4352.0,4894.0,5573.0,6494.0,12775.0
15795,25.09465,0.488329624605845,4060.373215339233,2022.3693504886432,-3551.0,1512.0,2380.2000000000007,3016.0,3546.0,4031.0,4533.0,5067.0,5726.0,6623.0,12463.0,4060.373215339233,2022.3693504886432,-3551.0,1512.0,2380.2000000000007,3016.0,3546.0,4031.0,4533.0,5067.0,5726.0,6623.0,12463.0
15795,25.09395,0.420651914828877,,,,,,,,,,,,,,,,,,,,,,,,,,
15795,25.09668,0.6403757460355347,4247.890796460177,2001.5433555586003,-3019.0,1706.0,2587.0,3209.7999999999993,3742.0,4246.0,4745.0,5260.0,5888.0,6757.0,12919.0,4247.890796460177,2001.5433555586003,-3019.0,1706.0,2587.0,3209.7999999999993,3742.0,4246.0,4745.0,5260.0,5888.0,6757.0,12919.0
15795,25.09668,0.6403757460355347,4210.684117647059,1989.1071693499864,-3359.0,1697.0,2542.0,3180.0,3714.0,4199.0,4684.0,5222.199999999997,5852.0,6712.0,14436.0,4210.684117647059,1989.1071693499864,-3359.0,1697.0,2542.0,3180.0,3714.0,4199.0,4684.0,5222.199999999997,5852.0,6712.0,14436.0
15795,25.09668,0.6403757460355347,3945.195588235294,2081.127692448172,-3919.0,1314.0,2203.0,2859.0,3409.0,3930.0,4468.0,5030.0,5677.0,6579.0,12257.0,3945.195588235294,2081.127692448172,-3919.0,1314.0,2203.0,2859.0,3409.0,3930.0,4468.0,5030.0,5677.0,6579.0,12257.0
15795,25.09612,0.6529281743077667,,,,,,,,,,,,,,,,,,,,,,,,,,
15795,25.09325,0.4196572907392402,4189.800882352941,2051.6134668480227,-3804.0,1589.0,2491.0,3139.0,3666.0,4165.0,4680.0,5232.0,5871.0,6809.0,13901.0,4189.800882352941,2051.6134668480227,-3804.0,1589.0,2491.0,3139.0,3666.0,4165.0,4680.0,5232.0,5871.0,6809.0,13901.0
15795,25.09325,0.4196572907392402,3947.436588235294,2041.1842073780447,-3500.0,1349.0,2243.0,2901.0,3439.0,3940.0,4441.0,4999.0,5637.0,6543.0,11829.0,3947.436588235294,2041.1842073780447,-3500.0,1349.0,2243.0,2901.0,3439.0,3940.0,4441.0,4999.0,5637.0,6543.0,11829.0
15795,25.09325,0.4196572907392402,4188.5653687315635,2025.8197725221455,-3507.0,1589.0,2511.0,3130.0,3692.0,4197.0,4703.0,5228.0,5855.0,6729.0,12770.0,4188.5653687315635,2025.8197725221455,-3507.0,1589.0,2511.0,3130.0,3692.0,4197.0,4703.0,5228.0,5855.0,6729.0,12770.0
15795,25.09185,0.6141196970646581,,,,,,,,,,,,,,,,,,,,,,,,,,
15795,25.09619,0.6174935118415118,4229.556588235294,1971.2118722719804,-4162.0,1710.0,2567.0,3199.0,3744.4000000000015,4258.0,4728.0,5225.199999999997,5831.0,6709.0,13655.0,4229.556588235294,1971.2118722719804,-4162.0,1710.0,2567.0,3199.0,3744.4000000000015,4258.0,4728.0,5225.199999999997,5831.0,6709.0,13655.0
15795,25.09619,0.6174935118415118,4074.8485882352943,2037.8722069883709,-4200.0,1487.0,2387.2000000000007,3014.0,3548.0,4057.0,4574.0,5109.199999999997,5759.0,6680.0,13668.0,4074.8485882352943,2037.8722069883709,-4200.0,1487.0,2387.2000000000007,3014.0,3548.0,4057.0,4574.0,5109.199999999997,5759.0,6680.0,13668.0
15795,25.09619,0.6174935118415118,4020.914411764706,2010.5254162044473,-3713.0,1476.0,2352.2000000000007,2980.0,3514.0,4007.0,4500.0,5018.0,5661.0,6583.0,12370.0,4020.914411764706,2010.5254162044473,-3713.0,1476.0,2352.2000000000007,2980.0,3514.0,4007.0,4500.0,5018.0,5661.0,6583.0,12370.0
15795,25.0936,0.4267961051411016,,,,,,,,,,,,,,,,,,,,,,,,,,
15795,25.09584,0.6519036524784586,4221.554690265487,2031.8483771910567,-3184.0,1654.0,2523.0,3171.0,3726.0,4211.0,4720.0,5256.0,5867.0,6797.0,13889.0,4221.554690265487,2031.8483771910567,-3184.0,1654.0,2523.0,3171.0,3726.0,4211.0,4720.0,5256.0,5867.0,6797.0,13889.0
15795,25.09584,0.6519036524784586,4505.367315634218,2011.2876191405676,-2498.0,1956.0,2845.0,3459.0,3984.0,4482.0,4992.5999999999985,5544.0,6171.0,7044.0,14472.0,4505.367315634218,2011.2876191405676,-2498.0,1956.0,2845.0,3459.0,3984.0,4482.0,4992.5999999999985,5544.0,6171.0,7044.0,14472.0
15795,25.09584,0.6519036524784586,4871.460176991151,2000.3250448345386,-3046.0,2349.0,3206.0,3841.0,4371.0,4864.0,5346.0,5879.0,6490.800000000003,7388.4000000000015,14137.0,4871.460176991151,2000.3250448345386,-3046.0,2349.0,3206.0,3841.0,4371.0,4864.0,5346.0,5879.0,6490.800000000003,7388.4000000000015,14137.0
15795,25.09248,0.5583691374428291,,,,,,,,,,,,,,,,,,,,,,,,,,
15795,25.09549,0.6175233941554927,4166.1514454277285,2027.6817592872626,-3731.0,1597.0,2487.0,3115.0,3638.0,4139.0,4640.0,5187.0,5823.800000000003,6745.0,13494.0,4166.1514454277285,2027.6817592872626,-3731.0,1597.0,2487.0,3115.0,3638.0,4139.0,4640.0,5187.0,5823.800000000003,6745.0,13494.0
15795,25.09549,0.6175233941554927,4369.514572271386,2028.0107261459123,-3363.0,1802.0,2679.0,3326.0,3867.0,4360.0,4861.0,5399.0,6033.0,6951.4000000000015,13385.0,4369.514572271386,2028.0107261459123,-3363.0,1802.0,2679.0,3326.0,3867.0,4360.0,4861.0,5399.0,6033.0,6951.4000000000015,13385.0
15795,25.09549,0.6175233941554927,4741.173470588235,2020.8627525862084,-2815.0,2191.0,3081.0,3696.0,4229.0,4723.0,5228.0,5762.0,6409.800000000003,7283.0,17206.0,4741.173470588235,2020.8627525862084,-2815.0,2191.0,3081.0,3696.0,4229.0,4723.0,5228.0,5762.0,6409.800000000003,7283.0,17206.0
15795,25.09416,0.4880007231819634,,,,,,,,,,,,,,,,,,,,,,,,,,
15795,25.09626,0.5788430769439017,4212.536470588236,1997.0555448016057,-3120.0,1686.0,2551.0,3167.0,3696.4000000000015,4193.0,4692.0,5215.0,5839.0,6761.0,12842.0,4212.536470588236,1997.0555448016057,-3120.0,1686.0,2551.0,3167.0,3696.4000000000015,4193.0,4692.0,5215.0,5839.0,6761.0,12842.0
15795,25.09626,0.5788430769439017,3942.7206470588235,1986.6779964132393,-3367.0,1437.6000000000004,2295.0,2909.0,3419.0,3891.0,4409.0,4958.0,5593.0,6458.0,11926.0,3942.7206470588235,1986.6779964132393,-3367.0,1437.6000000000004,2295.0,2909.0,3419.0,3891.0,4409.0,4958.0,5593.0,6458.0,11926.0
15795,25.09514,0.6364716801336658,,,,,,,,,,,,,,,,,,,,,,,,,,
15795,25.09241,0.4426235706181309,4385.075882352941,2000.9286596935547,-3128.0,1870.6000000000004,2716.0,3344.0,3875.0,4376.0,4857.0,5405.0,6049.0,6906.0,12524.0,4385.075882352941,2000.9286596935547,-3128.0,1870.6000000000004,2716.0,3344.0,3875.0,4376.0,4857.0,5405.0,6049.0,6906.0,12524.0
15795,25.09241,0.4426235706181309,3112.8378761061945,2025.0828816496996,-3492.0,529.0,1430.0,2065.0,2598.0,3087.0,3572.0,4122.0,4777.0,5710.0,11970.0,3112.8378761061945,2025.0828816496996,-3492.0,529.0,1430.0,2065.0,2598.0,3087.0,3572.0,4122.0,4777.0,5710.0,11970.0
15795,25.09227,0.4501727817680075,,,,,,,,,,,,,,,,,,,,,,,,,,
15795,25.09521,0.6225455981757716,4402.092529411765,2034.927322585014,-3430.0,1827.0,2708.0,3352.0,3887.0,4394.0,4898.0,5417.0,6065.0,6994.4000000000015,13377.0,4402.092529411765,2034.927322585014,-3430.0,1827.0,2708.0,3352.0,3887.0,4394.0,4898.0,5417.0,6065.0,6994.4000000000015,13377.0
15795,25.09521,0.6225455981757716,4272.430705882353,2031.3862312741242,-3165.0,1681.0,2582.0,3225.0,3762.0,4279.0,4785.0,5314.0,5928.0,6838.0,13009.0,4272.430705882353,2031.3862312741242,-3165.0,1681.0,2582.0,3225.0,3762.0,4279.0,4785.0,5314.0,5928.0,6838.0,13009.0
15795,25.09318,0.5552931872404937,,,,,,,,,,,,,,,,,,,,,,,,,,
15795,25.09486,0.440528423728916,4396.652,1955.8892872136644,-2790.0,1898.6000000000004,2772.0,3392.0,3903.0,4386.0,4861.0,5365.199999999997,5984.0,6886.0,12681.0,4396.652,1955.8892872136644,-2790.0,1898.6000000000004,2772.0,3392.0,3903.0,4386.0,4861.0,5365.199999999997,5984.0,6886.0,12681.0
15795,25.09486,0.440528423728916,4316.898470588235,2006.222164707181,-3428.0,1778.0,2650.2000000000007,3281.0,3811.0,4312.0,4805.0,5338.0,5961.0,6834.0,13054.0,4316.898470588235,2006.222164707181,-3428.0,1778.0,2650.2000000000007,3281.0,3811.0,4312.0,4805.0,5338.0,5961.0,6834.0,13054.0
15795,25.09563,0.4486023796063286,,,,,,,,,,,,,,,,,,,,,,,,,,
15795,25.0922,0.5276378598646565,4308.675411764706,1960.533623110902,-3269.0,1807.0,2704.0,3304.0,3807.0,4298.0,4761.0,5296.0,5924.0,6793.4000000000015,13084.0,4308.675411764706,1960.533623110902,-3269.0,1807.0,2704.0,3304.0,3807.0,4298.0,4761.0,5296.0,5924.0,6793.4000000000015,13084.0
15795,25.0922,0.5276378598646565,4270.144601769912,2047.125678053303,-4216.0,1704.6000000000004,2574.0,3200.0,3758.0,4255.0,4756.0,5283.199999999997,5904.0,6854.0,12973.0,4270.144601769912,2047.125678053303,-4216.0,1704.6000000000004,2574.0,3200.0,3758.0,4255.0,4756.0,5283.199999999997,5904.0,6854.0,12973.0
15795,25.09458,0.5912007632810188,,,,,,,,,,,,,,,,,,,,,,,,,,
15795,25.09409,0.5057245334333449,4552.858941176471,2003.0421439538784,-3639.0,1980.0,2904.2000000000007,3521.0,4089.0,4584.0,5075.0,5586.0,6189.0,7035.0,12645.0,4552.858941176471,2003.0421439538784,-3639.0,1980.0,2904.2000000000007,3521.0,4089.0,4584.0,5075.0,5586.0,6189.0,7035.0,12645.0
15795,25.09409,0.5057245334333449,3914.325705882353,1979.7158467161917,-4394.0,1402.0,2263.0,2893.0,3435.0,3900.0,4389.0,4907.199999999997,5536.0,6430.0,11785.0,3914.325705882353,1979.7158467161917,-4394.0,1402.0,2263.0,2893.0,3435.0,3900.0,4389.0,4907.199999999997,5536.0,6430.0,11785.0
15795,25.09535,0.6503832865162229,,,,,,,,,,,,,,,,,,,,,,,,,,
15795,25.09381,0.4403418020379861,4566.811504424779,1988.0169926915814,-2484.0,2051.6000000000004,2893.0,3533.0,4081.0,4572.0,5059.999999999998,5566.0,6181.0,7087.0,12709.0,4566.811504424779,1988.0169926915814,-2484.0,2051.6000000000004,2893.0,3533.0,4081.0,4572.0,5059.999999999998,5566.0,6181.0,7087.0,12709.0
15795,25.09381,0.4403418020379861,4147.112566371681,2011.135297382789,-3290.0,1592.0,2492.2000000000007,3099.0,3649.0,4134.0,4627.0,5136.0,5791.0,6712.4000000000015,12981.0,4147.112566371681,2011.135297382789,-3290.0,1592.0,2492.2000000000007,3099.0,3649.0,4134.0,4627.0,5136.0,5791.0,6712.4000000000015,12981.0
15795,25.0943,0.6065021459043102,,,,,,,,,,,,,,,,,,,,,,,,,,
15795,25.09157,0.6330367323608294,4204.341882352941,2020.5160755868023,-2914.0,1665.6000000000004,2507.0,3143.0,3690.0,4193.0,4692.0,5232.0,5843.0,6737.0,13156.0,4204.341882352941,2020.5160755868023,-2914.0,1665.6000000000004,2507.0,3143.0,3690.0,4193.0,4692.0,5232.0,5843.0,6737.0,13156.0
15795,25.09157,0.6330367323608294,4092.6461356932155,2035.8465223362655,-4074.0,1498.6000000000004,2400.0,3043.0,3572.0,4090.0,4619.0,5152.0,5783.0,6684.0,13227.0,4092.6461356932155,2035.8465223362655,-4074.0,1498.6000000000004,2400.0,3043.0,3572.0,4090.0,4619.0,5152.0,5783.0,6684.0,13227.0
15795,25.09332,0.4972685683718102,,,,,,,,,,,,,,,,,,,,,,,,,,
15795,25.09507,0.5753092671746172,4161.446666666667,2006.6112976605405,-2790.0,1613.0,2507.0,3135.0,3654.0,4153.0,4652.0,5163.0,5803.0,6688.0,12061.0,4161.446666666667,2006.6112976605405,-2790.0,1613.0,2507.0,3135.0,3654.0,4153.0,4652.0,5163.0,5803.0,6688.0,12061.0
15795,25.09507,0.5753092671746172,4240.403470588235,2023.8231994042312,-3537.0,1669.0,2566.0,3192.0,3742.0,4239.0,4732.0,5270.0,5888.0,6793.4000000000015,12880.0,4240.403470588235,2023.8231994042312,-3537.0,1669.0,2566.0,3192.0,3742.0,4239.0,4732.0,5270.0,5888.0,6793.4000000000015,12880.0
15795,25.09696,0.4482295204687253,,,,,,,,,,,,,,,,,,,,,,,,,,
15795,25.095,0.551644495315867,4081.686,2013.1132776909908,-3868.0,1525.0,2410.0,3070.0,3598.0,4089.0,4572.0,5095.0,5702.0,6604.0,12371.0,4081.686,2013.1132776909908,-3868.0,1525.0,2410.0,3070.0,3598.0,4089.0,4572.0,5095.0,5702.0,6604.0,12371.0
15795,25.095,0.551644495315867,5142.509439528024,2058.9511104063736,-2935.0,2529.0,3419.0,4065.0,4627.0,5148.0,5658.0,6215.0,6826.0,7735.0,13813.0,5142.509439528024,2058.9511104063736,-2935.0,2529.0,3419.0,4065.0,4627.0,5148.0,5658.0,6215.0,6826.0,7735.0,13813.0
15795,25.09444,0.5482013221578461,,,,,,,,,,,,,,,,,,,,,,,,,,
15795,25.09682,0.6021485999879066,4170.608529411765,2013.1108329232973,-3574.0,1628.6000000000004,2487.0,3131.0,3650.0,4149.0,4656.0,5191.0,5827.0,6709.0,12432.0,4170.608529411765,2013.1108329232973,-3574.0,1628.6000000000004,2487.0,3131.0,3650.0,4149.0,4656.0,5191.0,5827.0,6709.0,12432.0
15795,25.09682,0.6021485999879066,3869.517764705882,2014.2919114730098,-3238.0,1313.0,2178.0,2820.0,3342.0,3851.0,4368.0,4898.0,5553.0,6430.0,11619.0,3869.517764705882,2014.2919114730098,-3238.0,1313.0,2178.0,2820.0,3342.0,3851.0,4368.0,4898.0,5553.0,6430.0,11619.0
15795,25.09654,0.5770123330844554,,,,,,,,,,,,,,,,,,,,,,,,,,
15795,25.09262,0.436213715495518,4147.050973451327,1995.9286744540502,-3860.0,1620.6000000000004,2495.0,3127.0,3654.0,4133.0,4640.0,5155.0,5759.800000000003,6664.0,11804.0,4147.050973451327,1995.9286744540502,-3860.0,1620.6000000000004,2495.0,3127.0,3654.0,4133.0,4640.0,5155.0,5759.800000000003,6664.0,11804.0
15795,25.09262,0.436213715495518,5582.96405882353,2023.8747432911357,-2316.0,3014.0,3916.0,4550.0,5076.0,5581.0,6070.0,6611.0,7197.0,8143.0,15689.0,5582.96405882353,2023.8747432911357,-2316.0,3014.0,3916.0,4550.0,5076.0,5581.0,6070.0,6611.0,7197.0,8143.0,15689.0
15795,25.09605,0.6630127388183629,,,,,,,,,,,,,,,,,,,,,,,,,,
15795,25.09437,0.5373900388808978,4270.678466076696,2043.5727233482507,-3458.0,1694.0,2571.0,3215.0,3750.0,4239.0,4753.0,5296.0,5936.0,6849.4000000000015,12971.0,4270.678466076696,2043.5727233482507,-3458.0,1694.0,2571.0,3215.0,3750.0,4239.0,4753.0,5296.0,5936.0,6849.4000000000015,12971.0
15795,25.09437,0.5373900388808978,2417.6753982300884,2032.66587648589,-6059.0,-158.0,731.0,1374.0,1903.0,2388.0,2901.0,3431.0,4085.0,4967.0,12031.0,2417.6753982300884,2032.66587648589,-6059.0,-158.0,731.0,1374.0,1903.0,2388.0,2901.0,3431.0,4085.0,4967.0,12031.0
15795,25.09689,0.633708438405236,,,,,,,,,,,,,,,,,,,,,,,,,,
15795,25.09276,0.6500025507328504,4415.054882352942,2028.6002536346955,-3373.0,1843.0,2728.0,3344.0,3891.0,4415.0,4918.0,5457.0,6093.0,6958.0,12943.0,4415.054882352942,2028.6002536346955,-3373.0,1843.0,2728.0,3344.0,3891.0,4415.0,4918.0,5457.0,6093.0,6958.0,12943.0
15795,25.09276,0.6500025507328504,3322.4225958702064,2007.2357608813204,-5109.0,788.0,1651.2000000000007,2275.0,2812.0,3309.0,3794.0,4340.0,4999.0,5868.0,11578.0,3322.4225958702064,2007.2357608813204,-5109.0,788.0,1651.2000000000007,2275.0,2812.0,3309.0,3794.0,4340.0,4999.0,5868.0,11578.0
15795,25.09213,0.4523067373194053,,,,,,,,,,,,,,,,,,,,,,,,,,
15795,25.09346,0.6359027144954804,4244.335235294117,1972.9261608152146,-3365.0,1770.0,2616.0,3199.0,3740.4000000000015,4233.0,4724.0,5237.199999999997,5855.0,6733.0,13176.0,4244.335235294117,1972.9261608152146,-3365.0,1770.0,2616.0,3199.0,3740.4000000000015,4233.0,4724.0,5237.199999999997,5855.0,6733.0,13176.0
15795,25.09346,0.6359027144954804,4208.551529411765,1995.011552566584,-2991.0,1685.0,2554.0,3160.0,3695.4000000000015,4199.0,4708.0,5217.0,5844.0,6745.0,12415.0,4208.551529411765,1995.011552566584,-2991.0,1685.0,2554.0,3160.0,3695.4000000000015,4199.0,4708.0,5217.0,5844.0,6745.0,12415.0
15795,25.09164,0.5607121024170895,,,,,,,,,,,,,,,,,,,,,,,,,,
15795,25.0964,0.4375190663797514,4851.886235294118,1986.2192041218154,-3417.0,2322.0,3183.0,3815.0,4362.0,4849.0,5329.5999999999985,5852.199999999997,6475.0,7389.0,12927.0,4851.886235294118,1986.2192041218154,-3417.0,2322.0,3183.0,3815.0,4362.0,4849.0,5329.5999999999985,5852.199999999997,6475.0,7389.0,12927.0
15795,25.0964,0.4375190663797514,3968.910383480826,2031.6822043037425,-3686.0,1377.6000000000004,2275.0,2899.7999999999993,3447.0,3964.0,4473.0,5011.0,5650.0,6535.4000000000015,14371.0,3968.910383480826,2031.6822043037425,-3686.0,1377.6000000000004,2275.0,2899.7999999999993,3447.0,3964.0,4473.0,5011.0,5650.0,6535.4000000000015,14371.0
15795,25.09199,0.6220670998709131,,,,,,,,,,,,,,,,,,,,,,,,,,
15795,25.09451,0.5909484002673188,3925.7228823529413,2000.1867354221583,-3019.0,1392.0,2264.2000000000007,2873.0,3404.0,3911.0,4386.0,4922.0,5550.0,6467.4000000000015,13575.0,3925.7228823529413,2000.1867354221583,-3019.0,1392.0,2264.2000000000007,2873.0,3404.0,3911.0,4386.0,4922.0,5550.0,6467.4000000000015,13575.0
15795,25.09451,0.5909484002673188,4291.362352941176,2035.9446944687963,-2894.0,1705.0,2622.0,3233.0,3758.0,4267.0,4777.0,5318.0,5961.0,6890.0,12940.0,4291.362352941176,2035.9446944687963,-2894.0,1705.0,2622.0,3233.0,3758.0,4267.0,4777.0,5318.0,5961.0,6890.0,12940.0
15795,25.0915,0.6457255173123722,,,,,,,,,,,,,,,,,,,,,,,,,,
15795,25.09269,0.6569061116539343,,,,,,,,,,,,,,,,,,,,,,,,,,
15795,25.09234,0.6599356812948092,,,,,,,,,,,,,,,,,,,,,,,,,,
15795,25.09353,0.4765361101631354,,,,,,,,,,,,,,,,,,,,,,,,,,
15795,25.09178,0.5866773551804847,,,,,,,,,,,,,,,,,,,,,,,,,,
15795,25.09542,0.6206039258361292,,,,,,,,,,,,,,,,,,,,,,,,,,
15795,25.0957,0.6462232203147497,,,,,,,,,,,,,,,,,,,,,,,,,,
15795,25.0929,0.5148061370268296,,,,,,,,,,,,,,,,,,,,,,,,,,
15795,25.09206,0.6306406420194657,,,,,,,,,,,,,,,,,,,,,,,,,,
15795,25.09367,0.5337980550513864,,,,,,,,,,,,,,,,,,,,,,,,,,
15795,25.09297,0.4386282219239107,,,,,,,,,,,,,,,,,,,,,,,,,,
15795,25.09556,0.6549696211092396,,,,,,,,,,,,,,,,,,,,,,,,,,
15795,25.09171,0.6546240748318599,,,,,,,,,,,,,,,,,,,,,,,,,,
15795,25.09528,0.6591036255029796,,,,,,,,,,,,,,,,,,,,,,,,,,
15795,25.09402,0.4511190754295889,,,,,,,,,,,,,,,,,,,,,,,,,,
15795,25.09339,0.5332867533503127,,,,,,,,,,,,,,,,,,,,,,,,,,
15795,-25.09473,0.5920618044972508,,,,,,,,,,,,,,,,,,,,,,,,,,
15795,-25.093400000000003,0.5584128970061221,4255.0369411764705,2013.085569684171,-3490.0,1710.0,2591.0,3215.0,3746.0,4233.0,4728.0,5260.0,5892.0,6825.0,12327.0,4255.0369411764705,2013.085569684171,-3490.0,1710.0,2591.0,3215.0,3746.0,4233.0,4728.0,5260.0,5892.0,6825.0,12327.0
15795,-25.093400000000003,0.5584128970061221,3725.109882352941,2073.5700198214527,-4163.0,1127.0,1996.0,2643.0,3182.4000000000015,3708.0,4219.0,4781.0,5415.0,6357.4000000000015,12253.0,3725.109882352941,2073.5700198214527,-4163.0,1127.0,1996.0,2643.0,3182.4000000000015,3708.0,4219.0,4781.0,5415.0,6357.4000000000015,12253.0
15795,-25.093400000000003,0.5584128970061221,4727.033529411765,1993.0293812197528,-3187.0,2191.0,3073.0,3684.0,4238.0,4731.0,5212.0,5746.0,6361.0,7250.0,12944.0,4727.033529411765,1993.0293812197528,-3187.0,2191.0,3073.0,3684.0,4238.0,4731.0,5212.0,5746.0,6361.0,7250.0,12944.0
15795,-25.093120000000003,0.489730762472007,,,,,,,,,,,,,,,,,,,,,,,,,,
15795,-25.09172,0.4529564083863146,4140.541297935103,1944.4703685564832,-2866.0,1650.0,2523.0,3147.0,3662.0,4137.0,4620.0,5135.0,5727.0,6580.4000000000015,12923.0,4140.541297935103,1944.4703685564832,-2866.0,1650.0,2523.0,3147.0,3662.0,4137.0,4620.0,5135.0,5727.0,6580.4000000000015,12923.0
15795,-25.09172,0.4529564083863146,2965.791176470588,2040.2431988062322,-4547.0,367.0,1296.2000000000007,1927.0,2473.0,2966.0,3467.0,3988.0,4631.800000000003,5528.4000000000015,12488.0,2965.791176470588,2040.2431988062322,-4547.0,367.0,1296.2000000000007,1927.0,2473.0,2966.0,3467.0,3988.0,4631.800000000003,5528.4000000000015,12488.0
15795,-25.09172,0.4529564083863146,4527.310206489676,2025.490670018602,-2847.0,1965.0,2830.0,3459.7999999999993,4011.0,4529.0,5042.0,5564.0,6199.0,7080.0,12803.0,4527.310206489676,2025.490670018602,-2847.0,1965.0,2830.0,3459.7999999999993,4011.0,4529.0,5042.0,5564.0,6199.0,7080.0,12803.0
15795,-25.095360000000003,0.5253549541173035,,,,,,,,,,,,,,,,,,,,,,,,,,
15795,-25.09529,0.4840489855490506,4209.816294117647,1995.6437163641995,-2930.0,1706.0,2531.0,3163.0,3690.0,4177.0,4704.0,5215.0,5843.0,6745.4000000000015,12424.0,4209.816294117647,1995.6437163641995,-2930.0,1706.0,2531.0,3163.0,3690.0,4177.0,4704.0,5215.0,5843.0,6745.4000000000015,12424.0
15795,-25.09529,0.4840489855490506,4949.643480825958,2037.2027122719473,-2563.0,2372.0,3237.0,3908.0,4425.0,4926.0,5443.0,5993.0,6648.0,7557.0,13130.0,4949.643480825958,2037.2027122719473,-2563.0,2372.0,3237.0,3908.0,4425.0,4926.0,5443.0,5993.0,6648.0,7557.0,13130.0
15795,-25.09529,0.4840489855490506,5036.734529411765,2002.9647719279014,-2172.0,2514.6000000000004,3376.0,3995.0,4533.0,5032.0,5507.0,6037.0,6672.0,7550.0,14020.0,5036.734529411765,2002.9647719279014,-2172.0,2514.6000000000004,3376.0,3995.0,4533.0,5032.0,5507.0,6037.0,6672.0,7550.0,14020.0
15795,-25.09179,0.4332290745950113,,,,,,,,,,,,,,,,,,,,,,,,,,
15795,-25.09354,0.5584916355741976,4273.091117647059,2005.2530811648448,-2355.0,1741.6000000000004,2595.0,3235.0,3763.0,4250.0,4753.0,5300.0,5940.0,6833.0,12408.0,4273.091117647059,2005.2530811648448,-2355.0,1741.6000000000004,2595.0,3235.0,3763.0,4250.0,4753.0,5300.0,5940.0,6833.0,12408.0
15795,-25.09354,0.5584916355741976,5749.152294117647,2081.90667252416,-2983.0,3091.0,4013.0,4688.0,5217.0,5751.0,6260.0,6813.0,7472.0,8398.0,15196.0,5749.152294117647,2081.90667252416,-2983.0,3091.0,4013.0,4688.0,5217.0,5751.0,6260.0,6813.0,7472.0,8398.0,15196.0
15795,-25.09354,0.5584916355741976,3844.4115294117646,2010.322951359107,-3559.0,1265.0,2163.0,2798.0,3332.0,3837.0,4331.0,4881.0,5511.0,6413.0,12681.0,3844.4115294117646,2010.322951359107,-3559.0,1265.0,2163.0,2798.0,3332.0,3837.0,4331.0,4881.0,5511.0,6413.0,12681.0
15795,-25.09487,0.5991605528319288,,,,,,,,,,,,,,,,,,,,,,,,,,
15795,-25.09445,0.6213643420401734,4145.357411764706,2023.0847808172741,-3727.0,1565.0,2491.0,3127.0,3650.0,4131.0,4632.0,5163.0,5815.0,6709.0,13780.0,4145.357411764706,2023.0847808172741,-3727.0,1565.0,2491.0,3127.0,3650.0,4131.0,4632.0,5163.0,5815.0,6709.0,13780.0
15795,-25.09445,0.6213643420401734,4592.121823529412,2054.2973859506646,-3537.0,1955.6000000000004,2909.0,3564.0,4106.0,4595.0,5088.0,5621.0,6264.800000000003,7197.0,14218.0,4592.121823529412,2054.2973859506646,-3537.0,1955.6000000000004,2909.0,3564.0,4106.0,4595.0,5088.0,5621.0,6264.800000000003,7197.0,14218.0
15795,-25.09445,0.6213643420401734,4050.958176470588,2018.258730007328,-3842.0,1504.0,2361.0,3004.0,3522.0,4031.0,4533.0,5072.199999999997,5706.800000000003,6599.0,13438.0,4050.958176470588,2018.258730007328,-3842.0,1504.0,2361.0,3004.0,3522.0,4031.0,4533.0,5072.199999999997,5706.800000000003,6599.0,13438.0
15795,-25.09144,0.4839779530274503,,,,,,,,,,,,,,,,,,,,,,,,,,
15795,-25.09102,0.5040354934299085,4024.5288495575223,2000.3665467853853,-3542.0,1477.0,2358.0,2986.0,3529.0,4024.0,4516.5999999999985,5034.0,5658.0,6568.0,12247.0,4024.5288495575223,2000.3665467853853,-3542.0,1477.0,2358.0,2986.0,3529.0,4024.0,4516.5999999999985,5034.0,5658.0,6568.0,12247.0
15795,-25.09102,0.5040354934299085,3728.0103529411763,2102.6532462886294,-4725.0,1050.0,1980.0,2645.7999999999993,3196.0,3710.0,4236.5999999999985,4797.0,5468.800000000003,6401.0,12496.0,3728.0103529411763,2102.6532462886294,-4725.0,1050.0,1980.0,2645.7999999999993,3196.0,3710.0,4236.5999999999985,4797.0,5468.800000000003,6401.0,12496.0
15795,-25.09102,0.5040354934299085,3955.1503529411766,1991.2465403196989,-3321.0,1435.0,2288.0,2927.0,3461.0,3950.0,4444.0,4982.0,5584.0,6470.4000000000015,12055.0,3955.1503529411766,1991.2465403196989,-3321.0,1435.0,2288.0,2927.0,3461.0,3950.0,4444.0,4982.0,5584.0,6470.4000000000015,12055.0
15795,-25.09074,0.577629163737775,,,,,,,,,,,,,,,,,,,,,,,,,,
15795,-25.09137,0.4570130212058452,4131.043294117647,2064.939696258572,-4057.0,1513.0,2418.0,3058.0,3614.0,4117.0,4624.0,5171.0,5803.0,6741.0,13176.0,4131.043294117647,2064.939696258572,-4057.0,1513.0,2418.0,3058.0,3614.0,4117.0,4624.0,5171.0,5803.0,6741.0,13176.0
15795,-25.09137,0.4570130212058452,3782.9709734513276,2019.1774397800584,-3897.0,1219.6000000000004,2093.0,2740.0,3293.0,3778.0,4264.5999999999985,4793.0,5419.0,6365.0,12249.0,3782.9709734513276,2019.1774397800584,-3897.0,1219.6000000000004,2093.0,2740.0,3293.0,3778.0,4264.5999999999985,4793.0,5419.0,6365.0,12249.0
15795,-25.09137,0.4570130212058452,4284.508764705883,2026.407453115199,-2730.0,1730.0,2620.0,3243.0,3760.0,4258.0,4767.0,5301.0,5928.0,6878.4000000000015,13615.0,4284.508764705883,2026.407453115199,-2730.0,1730.0,2620.0,3243.0,3760.0,4258.0,4767.0,5301.0,5928.0,6878.4000000000015,13615.0
15795,-25.09193,0.4149001950220489,,,,,,,,,,,,,,,,,,,,,,,,,,
15795,-25.09417,0.6169259771999596,4202.214176470588,2028.226581483026,-3079.0,1634.0,2522.2000000000007,3135.0,3670.0,4185.0,4681.5999999999985,5240.0,5851.0,6789.4000000000015,13977.0,4202.214176470588,2028.226581483026,-3079.0,1634.0,2522.2000000000007,3135.0,3670.0,4185.0,4681.5999999999985,5240.0,5851.0,6789.4000000000015,13977.0
15795,-25.09417,0.6169259771999596,3921.1087315634218,2034.1444611643028,-4264.0,1357.0,2251.0,2869.0,3386.0,3883.0,4405.0,4950.0,5597.0,6510.0,12779.0,3921.1087315634218,2034.1444611643028,-4264.0,1357.0,2251.0,2869.0,3386.0,3883.0,4405.0,4950.0,5597.0,6510.0,12779.0
15795,-25.09417,0.6169259771999596,4696.289235294118,2079.9168383379583,-2568.0,2046.0,2943.0,3603.0,4169.0,4695.0,5216.0,5766.0,6397.800000000003,7323.0,13672.0,4696.289235294118,2079.9168383379583,-2568.0,2046.0,2943.0,3603.0,4169.0,4695.0,5216.0,5766.0,6397.800000000003,7323.0,13672.0
15795,-25.09235,0.4218364909896862,,,,,,,,,,,,,,,,,,,,,,,,,,
15795,-25.09214,0.4284809133478911,4217.424647058823,2053.479674479006,-4094.0,1629.0,2507.0,3155.0,3698.0,4189.0,4704.0,5252.0,5884.800000000003,6825.0,12738.0,4217.424647058823,2053.479674479006,-4094.0,1629.0,2507.0,3155.0,3698.0,4189.0,4704.0,5252.0,5884.800000000003,6825.0,12738.0
15795,-25.09214,0.4284809133478911,5316.380294117647,2086.778895957039,-2421.0,2675.0,3560.0,4239.0,4793.0,5306.0,5815.0,6369.0,7040.0,7981.0,13547.0,5316.380294117647,2086.778895957039,-2421.0,2675.0,3560.0,4239.0,4793.0,5306.0,5815.0,6369.0,7040.0,7981.0,13547.0
15795,-25.09214,0.4284809133478911,4236.260294117647,1993.306579400737,-2851.0,1698.0,2592.0,3206.0,3736.0,4217.0,4719.0,5228.0,5839.0,6773.0,12621.0,4236.260294117647,1993.306579400737,-2851.0,1698.0,2592.0,3206.0,3736.0,4217.0,4719.0,5228.0,5839.0,6773.0,12621.0
15795,-25.09151,0.4889800567123333,,,,,,,,,,,,,,,,,,,,,,,,,,
15795,-25.0955,0.6016556698950907,4200.6053529411765,1999.1151541636214,-3442.0,1642.0,2515.0,3163.0,3698.0,4193.0,4696.0,5228.0,5847.0,6737.0,11981.0,4200.6053529411765,1999.1151541636214,-3442.0,1642.0,2515.0,3163.0,3698.0,4193.0,4696.0,5228.0,5847.0,6737.0,11981.0
15795,-25.0955,0.6016556698950907,3289.9786430678464,2019.2401488037353,-3909.0,703.0,1620.0,2238.0,2776.0,3277.0,3778.0,4325.199999999997,4954.0,5831.0,12152.0,3289.9786430678464,2019.2401488037353,-3909.0,703.0,1620.0,2238.0,2776.0,3277.0,3778.0,4325.199999999997,4954.0,5831.0,12152.0
15795,-25.0955,0.6016556698950907,4155.949203539823,2017.7343562971716,-3090.0,1580.6000000000004,2482.0,3101.0,3639.0,4149.0,4666.0,5196.0,5799.0,6729.0,13288.0,4155.949203539823,2017.7343562971716,-3090.0,1580.6000000000004,2482.0,3101.0,3639.0,4149.0,4666.0,5196.0,5799.0,6729.0,13288.0
15795,-25.09025,0.6149920210090819,,,,,,,,,,,,,,,,,,,,,,,,,,
15795,-25.09088,0.576567599198413,4224.6998820059,1970.0768889701396,-3140.0,1714.0,2599.0,3207.0,3730.0,4225.0,4700.0,5211.0,5839.0,6725.0,13784.0,4224.6998820059,1970.0768889701396,-3140.0,1714.0,2599.0,3207.0,3730.0,4225.0,4700.0,5211.0,5839.0,6725.0,13784.0
15795,-25.09088,0.576567599198413,4077.4638823529413,2093.4675355077584,-4414.0,1441.6000000000004,2334.2000000000007,2990.0,3540.0,4053.0,4579.0,5140.0,5791.0,6729.0,13543.0,4077.4638823529413,2093.4675355077584,-4414.0,1441.6000000000004,2334.2000000000007,2990.0,3540.0,4053.0,4579.0,5140.0,5791.0,6729.0,13543.0
15795,-25.09088,0.576567599198413,4315.462890855457,2000.4629350386922,-4768.0,1766.6000000000004,2652.0,3293.7999999999993,3813.0,4294.0,4783.0,5338.0,5968.0,6842.0,12131.0,4315.462890855457,2000.4629350386922,-4768.0,1766.6000000000004,2652.0,3293.7999999999993,3813.0,4294.0,4783.0,5338.0,5968.0,6842.0,12131.0
15795,-25.09221,0.4265292662610735,,,,,,,,,,,,,,,,,,,,,,,,,,
15795,-25.092,0.4199154890969824,4152.182294117647,2002.6791429316781,-3244.0,1608.6000000000004,2503.0,3111.0,3630.0,4145.0,4664.0,5171.0,5779.0,6688.0,12577.0,4152.182294117647,2002.6791429316781,-3244.0,1608.6000000000004,2503.0,3111.0,3630.0,4145.0,4664.0,5171.0,5779.0,6688.0,12577.0
15795,-25.092,0.4199154890969824,3878.120882352941,2034.032427073732,-4179.0,1309.0,2194.0,2808.0,3358.0,3875.0,4376.0,4906.0,5524.0,6434.4000000000015,12556.0,3878.120882352941,2034.032427073732,-4179.0,1309.0,2194.0,2808.0,3358.0,3875.0,4376.0,4906.0,5524.0,6434.4000000000015,12556.0
15795,-25.092,0.4199154890969824,4265.818289085546,1992.8222604611287,-3102.0,1742.0,2600.0,3227.0,3752.0,4238.0,4727.0,5282.199999999997,5904.0,6805.0,14105.0,4265.818289085546,1992.8222604611287,-3102.0,1742.0,2600.0,3227.0,3752.0,4238.0,4727.0,5282.199999999997,5904.0,6805.0,14105.0
15795,-25.09347,0.5618993111003808,,,,,,,,,,,,,,,,,,,,,,,,,,
15795,-25.09305,0.5229830561016104,4133.662949852507,2032.3329760721388,-3623.0,1521.0,2463.0,3094.0,3642.0,4129.0,4616.0,5179.0,5831.0,6697.4000000000015,13104.0,4133.662949852507,2032.3329760721388,-3623.0,1521.0,2463.0,3094.0,3642.0,4129.0,4616.0,5179.0,5831.0,6697.4000000000015,13104.0
15795,-25.09305,0.5229830561016104,4076.0441764705884,2029.8696325542896,-2906.0,1491.0,2372.0,3010.0,3548.0,4057.0,4583.0,5100.0,5755.0,6708.0,14626.0,4076.0441764705884,2029.8696325542896,-2906.0,1491.0,2372.0,3010.0,3548.0,4057.0,4583.0,5100.0,5755.0,6708.0,14626.0
15795,-25.09305,0.5229830561016104,4056.2613569321534,2035.4319577240633,-3604.0,1492.0,2377.0,2996.0,3558.0,4047.0,4553.0,5095.0,5726.0,6660.0,14505.0,4056.2613569321534,2035.4319577240633,-3604.0,1492.0,2377.0,2996.0,3558.0,4047.0,4553.0,5095.0,5726.0,6660.0,14505.0
15795,-25.0913,0.4780821220206113,,,,,,,,,,,,,,,,,,,,,,,,,,
15795,-25.09494,0.5972216198479386,4172.726843657817,2017.4718758266233,-3341.0,1642.0,2495.0,3111.0,3654.0,4157.0,4653.5999999999985,5219.0,5827.0,6737.0,12476.0,4172.726843657817,2017.4718758266233,-3341.0,1642.0,2495.0,3111.0,3654.0,4157.0,4653.5999999999985,5219.0,5827.0,6737.0,12476.0
15795,-25.09494,0.5972216198479386,4510.572743362832,2004.5950778018341,-3638.0,2007.6000000000004,2829.0,3447.0,3980.0,4473.0,4975.0,5540.0,6167.0,7036.0,13147.0,4510.572743362832,2004.5950778018341,-3638.0,2007.6000000000004,2829.0,3447.0,3980.0,4473.0,4975.0,5540.0,6167.0,7036.0,13147.0
15795,-25.09494,0.5972216198479386,4791.544601769911,1974.12073293091,-2552.0,2288.0,3158.0,3773.0,4278.0,4775.0,5269.0,5807.0,6421.0,7287.0,13474.0,4791.544601769911,1974.12073293091,-2552.0,2288.0,3158.0,3773.0,4278.0,4775.0,5269.0,5807.0,6421.0,7287.0,13474.0
15795,-25.090390000000003,0.6068822589624847,,,,,,,,,,,,,,,,,,,,,,,,,,
15795,-25.09116,0.5421625195837798,4176.46405882353,2094.0421362696925,-3397.0,1509.0,2438.0,3103.0,3654.0,4165.0,4700.0,5253.199999999997,5904.0,6821.0,13434.0,4176.46405882353,2094.0421362696925,-3397.0,1509.0,2438.0,3103.0,3654.0,4165.0,4700.0,5253.199999999997,5904.0,6821.0,13434.0
15795,-25.09116,0.5421625195837798,4573.851504424779,2019.7534607171385,-3145.0,2011.6000000000004,2881.0,3508.0,4065.0,4566.0,5059.0,5605.0,6240.0,7145.0,13575.0,4573.851504424779,2019.7534607171385,-3145.0,2011.6000000000004,2881.0,3508.0,4065.0,4566.0,5059.0,5605.0,6240.0,7145.0,13575.0
15795,-25.09116,0.5421625195837798,4547.394529411765,1993.1635334296084,-2876.0,2026.0,2891.0,3504.7999999999993,4039.0,4545.0,5042.0,5576.0,6195.0,7064.0,14724.0,4547.394529411765,1993.1635334296084,-2876.0,2026.0,2891.0,3504.7999999999993,4039.0,4545.0,5042.0,5576.0,6195.0,7064.0,14724.0
15795,-25.09158,0.4703233533623245,,,,,,,,,,,,,,,,,,,,,,,,,,
15795,-25.09046,0.6147404986840355,4180.787941176471,2000.3678564722852,-3252.0,1646.0,2535.0,3123.0,3650.0,4161.0,4656.0,5191.0,5819.0,6749.0,12738.0,4180.787941176471,2000.3678564722852,-3252.0,1646.0,2535.0,3123.0,3650.0,4161.0,4656.0,5191.0,5819.0,6749.0,12738.0
15795,-25.09046,0.6147404986840355,4508.495882352941,1993.0410926036056,-3331.0,1972.0,2836.2000000000007,3475.0,4017.0,4514.0,4999.0,5528.0,6159.0,7020.4000000000015,13029.0,4508.495882352941,1993.0410926036056,-3331.0,1972.0,2836.2000000000007,3475.0,4017.0,4514.0,4999.0,5528.0,6159.0,7020.4000000000015,13029.0
15795,-25.093680000000003,0.5808916903335778,,,,,,,,,,,,,,,,,,,,,,,,,,
15795,-25.09284,0.6023353227842139,4334.542294117647,2011.2839983978413,-2705.0,1766.0,2660.0,3276.0,3823.0,4326.0,4833.0,5356.0,5996.0,6882.0,12637.0,4334.542294117647,2011.2839983978413,-2705.0,1766.0,2660.0,3276.0,3823.0,4326.0,4833.0,5356.0,5996.0,6882.0,12637.0
15795,-25.09284,0.6023353227842139,3581.5477286135692,2029.7961570336095,-4268.0,1002.0,1911.0,2519.7999999999993,3071.0,3568.0,4081.0,4607.0,5253.0,6139.0,11582.0,3581.5477286135692,2029.7961570336095,-4268.0,1002.0,1911.0,2519.7999999999993,3071.0,3568.0,4081.0,4607.0,5253.0,6139.0,11582.0
15795,-25.094520000000003,0.4990419786187853,,,,,,,,,,,,,,,,,,,,,,,,,,
15795,-25.09389,0.4651068167971942,4303.273569321534,2039.9396280102967,-2959.0,1686.0,2616.0,3251.0,3787.0,4294.0,4813.0,5340.0,5988.0,6874.4000000000015,12625.0,4303.273569321534,2039.9396280102967,-2959.0,1686.0,2616.0,3251.0,3787.0,4294.0,4813.0,5340.0,5988.0,6874.4000000000015,12625.0
15795,-25.09389,0.4651068167971942,4041.284896755162,2005.8389985774954,-3092.0,1491.0,2348.0,3023.0,3556.0,4013.0,4514.0,5047.0,5682.0,6591.0,12581.0,4041.284896755162,2005.8389985774954,-3092.0,1491.0,2348.0,3023.0,3556.0,4013.0,4514.0,5047.0,5682.0,6591.0,12581.0
15795,-25.0927,0.532911397006914,,,,,,,,,,,,,,,,,,,,,,,,,,
15795,-25.090950000000003,0.4448570695616637,4380.135044247788,2031.1437698495026,-3361.0,1794.0,2696.0,3336.0,3879.0,4378.0,4881.0,5421.0,6053.0,6954.0,12319.0,4380.135044247788,2031.1437698495026,-3361.0,1794.0,2696.0,3336.0,3879.0,4378.0,4881.0,5421.0,6053.0,6954.0,12319.0
15795,-25.090950000000003,0.4448570695616637,4274.727588235294,2074.7969288223494,-3715.0,1624.0,2562.0,3225.0,3758.0,4255.0,4785.0,5330.0,5981.0,6906.4000000000015,12754.0,4274.727588235294,2074.7969288223494,-3715.0,1624.0,2562.0,3225.0,3758.0,4255.0,4785.0,5330.0,5981.0,6906.4000000000015,12754.0
15795,-25.09249,0.4374854236743533,,,,,,,,,,,,,,,,,,,,,,,,,,
15795,-25.09004,0.601560966820329,4548.632,2022.9595039387218,-3067.0,1988.0,2853.0,3513.0,4052.0,4547.0,5030.0,5570.0,6197.0,7087.4000000000015,13410.0,4548.632,2022.9595039387218,-3067.0,1988.0,2853.0,3513.0,4052.0,4547.0,5030.0,5570.0,6197.0,7087.4000000000015,13410.0
15795,-25.09004,0.601560966820329,4398.278235294118,2042.9728078284102,-3387.0,1798.0,2679.0,3326.0,3879.0,4409.0,4906.0,5439.0,6070.0,6971.4000000000015,13555.0,4398.278235294118,2042.9728078284102,-3387.0,1798.0,2679.0,3326.0,3879.0,4409.0,4906.0,5439.0,6070.0,6971.4000000000015,13555.0
15795,-25.09326,0.5614657986455375,,,,,,,,,,,,,,,,,,,,,,,,,,
15795,-25.09459,0.4222430315886996,4561.131,1986.6128596071876,-2552.0,2028.0,2905.0,3533.0,4064.0,4567.0,5063.0,5582.0,6210.0,7063.4000000000015,15225.0,4561.131,1986.6128596071876,-2552.0,2028.0,2905.0,3533.0,4064.0,4567.0,5063.0,5582.0,6210.0,7063.4000000000015,15225.0
15795,-25.09459,0.4222430315886996,3454.0938053097343,2002.3007197819966,-3860.0,844.0,1782.0,2445.0,2982.0,3467.0,3960.0,4490.0,5104.0,5969.0,12771.0,3454.0938053097343,2002.3007197819966,-3860.0,844.0,1782.0,2445.0,2982.0,3467.0,3960.0,4490.0,5104.0,5969.0,12771.0
15795,-25.09186,0.4361361057014382,,,,,,,,,,,,,,,,,,,,,,,,,,
15795,-25.09298,0.5327887258743013,4273.1755882352945,2038.7628665280026,-4202.0,1706.0,2575.0,3187.0,3722.0,4233.0,4761.0,5316.0,5952.0,6878.4000000000015,12275.0,4273.1755882352945,2038.7628665280026,-4202.0,1706.0,2575.0,3187.0,3722.0,4233.0,4761.0,5316.0,5952.0,6878.4000000000015,12275.0
15795,-25.09298,0.5327887258743013,2766.7312352941176,1995.2638938395219,-4761.0,238.0,1083.0,1705.0,2255.0,2748.0,3241.0,3766.0,4417.0,5306.0,11255.0,2766.7312352941176,1995.2638938395219,-4761.0,238.0,1083.0,1705.0,2255.0,2748.0,3241.0,3766.0,4417.0,5306.0,11255.0
15795,-25.09515,0.5505431983105975,,,,,,,,,,,,,,,,,,,,,,,,,,
15795,-25.09438,0.5934419715179066,4088.371563421829,2026.905987488718,-3957.0,1529.0,2414.0,3054.0,3581.0,4081.0,4576.0,5131.0,5747.0,6656.0,15044.0,4088.371563421829,2026.905987488718,-3957.0,1529.0,2414.0,3054.0,3581.0,4081.0,4576.0,5131.0,5747.0,6656.0,15044.0
15795,-25.09438,0.5934419715179066,4128.489026548673,2051.360137885913,-3242.0,1515.0,2408.0,3067.0,3621.0,4134.0,4635.0,5201.0,5839.0,6704.0,12387.0,4128.489026548673,2051.360137885913,-3242.0,1515.0,2408.0,3067.0,3621.0,4134.0,4635.0,5201.0,5839.0,6704.0,12387.0
15795,-25.09277,0.4371944560825736,,,,,,,,,,,,,,,,,,,,,,,,,,
15795,-25.09522,0.5976671442990475,4109.564955752212,1982.5937130515388,-3478.0,1573.0,2459.0,3078.0,3614.0,4101.0,4592.0,5103.0,5727.800000000003,6652.4000000000015,12476.0,4109.564955752212,1982.5937130515388,-3478.0,1573.0,2459.0,3078.0,3614.0,4101.0,4592.0,5103.0,5727.800000000003,6652.4000000000015,12476.0
15795,-25.09522,0.5976671442990475,4797.525117647059,2025.4051446166745,-2429.0,2206.0,3111.0,3746.0,4304.0,4813.0,5306.0,5827.0,6454.0,7339.0,13409.0,4797.525117647059,2025.4051446166745,-2429.0,2206.0,3111.0,3746.0,4304.0,4813.0,5306.0,5827.0,6454.0,7339.0,13409.0
15795,-25.09081,0.4358131611447174,,,,,,,,,,,,,,,,,,,,,,,,,,
15795,-25.0906,0.5114645404374814,4157.314058823529,2012.186720844645,-2999.0,1629.0,2491.0,3103.0,3634.0,4133.0,4632.0,5183.0,5827.0,6697.0,13542.0,4157.314058823529,2012.186720844645,-2999.0,1629.0,2491.0,3103.0,3634.0,4133.0,4632.0,5183.0,5827.0,6697.0,13542.0
15795,-25.0906,0.5114645404374814,4179.9649557522125,2008.646255715727,-3690.0,1619.6000000000004,2525.0,3168.0,3689.0,4191.0,4667.0,5197.0,5815.0,6688.4000000000015,13320.0,4179.9649557522125,2008.646255715727,-3690.0,1619.6000000000004,2525.0,3168.0,3689.0,4191.0,4667.0,5197.0,5815.0,6688.4000000000015,13320.0
15795,-25.09333,0.4963054015325875,,,,,,,,,,,,,,,,,,,,,,,,,,
15795,-25.09018,0.615621660340851,4141.945132743363,2041.7645666295996,-3546.0,1544.6000000000004,2459.0,3074.0,3614.0,4121.0,4640.0,5179.0,5807.800000000003,6729.0,14355.0,4141.945132743363,2041.7645666295996,-3546.0,1544.6000000000004,2459.0,3074.0,3614.0,4121.0,4640.0,5179.0,5807.800000000003,6729.0,14355.0
15795,-25.09018,0.615621660340851,5233.69581120944,2036.135267652212,-2571.0,2635.0,3548.0,4186.0,4724.0,5217.0,5718.0,6264.0,6890.0,7820.4000000000015,13741.0,5233.69581120944,2036.135267652212,-2571.0,2635.0,3548.0,4186.0,4724.0,5217.0,5718.0,6264.0,6890.0,7820.4000000000015,13741.0
15795,-25.094240000000003,0.4679897311396087,,,,,,,,,,,,,,,,,,,,,,,,,,
15795,-25.09501,0.5900671787579871,4183.440294985251,1986.5546121575107,-3522.0,1682.0,2531.0,3147.0,3674.0,4161.0,4652.0,5167.0,5799.800000000003,6713.0,12955.0,4183.440294985251,1986.5546121575107,-3522.0,1682.0,2531.0,3147.0,3674.0,4161.0,4652.0,5167.0,5799.800000000003,6713.0,12955.0
15795,-25.09501,0.5900671787579871,3214.6666470588234,2002.4268504799059,-4228.0,674.0,1535.0,2166.0,2695.0,3204.0,3706.0,4240.199999999997,4878.0,5755.0,11502.0,3214.6666470588234,2002.4268504799059,-4228.0,674.0,1535.0,2166.0,2695.0,3204.0,3706.0,4240.199999999997,4878.0,5755.0,11502.0
15795,-25.09382,0.5336768385810216,,,,,,,,,,,,,,,,,,,,,,,,,,
15795,-25.09207,0.5450189567003639,4284.827,2017.21584053524,-3232.0,1733.6000000000004,2603.0,3231.0,3759.0,4262.0,4769.0,5332.0,5944.0,6829.0,12927.0,4284.827,2017.21584053524,-3232.0,1733.6000000000004,2603.0,3231.0,3759.0,4262.0,4769.0,5332.0,5944.0,6829.0,12927.0
15795,-25.09207,0.5450189567003639,2883.62395280236,2047.3729515018283,-4474.0,282.0,1188.0,1855.0,2376.0,2883.0,3382.0,3933.199999999997,4554.0,5439.0,12338.0,2883.62395280236,2047.3729515018283,-4474.0,282.0,1188.0,1855.0,2376.0,2883.0,3382.0,3933.199999999997,4554.0,5439.0,12338.0
15795,-25.09543,0.5685478310028536,,,,,,,,,,,,,,,,,,,,,,,,,,
15795,-25.093960000000003,0.4342977152063538,4251.797050147493,2015.7111936084732,-3011.0,1710.0,2559.0,3179.0,3726.0,4262.0,4769.0,5296.0,5916.0,6773.0,13204.0,4251.797050147493,2015.7111936084732,-3011.0,1710.0,2559.0,3179.0,3726.0,4262.0,4769.0,5296.0,5916.0,6773.0,13204.0
15795,-25.093960000000003,0.4342977152063538,4061.347764705882,2040.8442718641925,-3747.0,1458.0,2380.0,3002.0,3546.4000000000015,4057.0,4566.0,5124.0,5755.0,6624.0,12621.0,4061.347764705882,2040.8442718641925,-3747.0,1458.0,2380.0,3002.0,3546.4000000000015,4057.0,4566.0,5124.0,5755.0,6624.0,12621.0
15795,-25.09032,0.4487882636903305,,,,,,,,,,,,,,,,,,,,,,,,,,
15795,-25.09403,0.4402099918848615,4173.091327433628,1989.419790909314,-3112.0,1649.6000000000004,2523.0,3135.0,3674.0,4161.0,4664.0,5199.0,5819.800000000003,6672.0,12452.0,4173.091327433628,1989.419790909314,-3112.0,1649.6000000000004,2523.0,3135.0,3674.0,4161.0,4664.0,5199.0,5819.800000000003,6672.0,12452.0
15795,-25.09403,0.4402099918848615,3569.862705882353,2036.3733794572374,-3844.0,998.0,1891.0,2513.0,3039.0,3544.0,4049.0,4583.0,5225.0,6163.0,12993.0,3569.862705882353,2036.3733794572374,-3844.0,998.0,1891.0,2513.0,3039.0,3544.0,4049.0,4583.0,5225.0,6163.0,12993.0
15795,-25.090110000000003,0.6025907072529587,,,,,,,,,,,,,,,,,,,,,,,,,,
15795,-25.09263,0.5468674093880844,4080.4137647058824,2097.4964111527743,-3844.0,1412.0,2313.2000000000007,2978.0,3561.0,4081.0,4596.0,5147.0,5791.800000000003,6765.0,13353.0,4080.4137647058824,2097.4964111527743,-3844.0,1412.0,2313.2000000000007,2978.0,3561.0,4081.0,4596.0,5147.0,5791.800000000003,6765.0,13353.0
15795,-25.09263,0.5468674093880844,4270.802941176471,1998.754124858385,-4022.0,1732.6000000000004,2590.0,3229.0,3770.0,4255.0,4752.0,5286.0,5908.0,6785.0,12573.0,4270.802941176471,1998.754124858385,-4022.0,1732.6000000000004,2590.0,3229.0,3770.0,4255.0,4752.0,5286.0,5908.0,6785.0,12573.0
15795,-25.09466,0.5996692639096262,,,,,,,,,,,,,,,,,,,,,,,,,,
15795,-25.09109,0.5373222504393715,4198.353647058823,2082.1987985254477,-3892.0,1569.0,2471.0,3123.0,3666.0,4165.0,4680.0,5252.0,5944.0,6870.0,12697.0,4198.353647058823,2082.1987985254477,-3892.0,1569.0,2471.0,3123.0,3666.0,4165.0,4680.0,5252.0,5944.0,6870.0,12697.0
15795,-25.09109,0.5373222504393715,4282.95197640118,2053.5950537468143,-3517.0,1664.6000000000004,2566.0,3196.0,3754.0,4279.0,4789.0,5342.0,5973.0,6923.0,12597.0,4282.95197640118,2053.5950537468143,-3517.0,1664.6000000000004,2566.0,3196.0,3754.0,4279.0,4789.0,5342.0,5973.0,6923.0,12597.0
15795,-25.090670000000003,0.6058086719897312,,,,,,,,,,,,,,,,,,,,,,,,,,
15795,-25.09242,0.430495214563324,,,,,,,,,,,,,,,,,,,,,,,,,,
15795,-25.095080000000003,0.5193344019948424,,,,,,,,,,,,,,,,,,,,,,,,,,
15795,-25.0941,0.587110118051465,,,,,,,,,,,,,,,,,,,,,,,,,,
15795,-25.09375,0.6119176030428304,,,,,,,,,,,,,,,,,,,,,,,,,,
15795,-25.09319,0.5376751716890272,,,,,,,,,,,,,,,,,,,,,,,,,,
15795,-25.09256,0.4238401245733998,,,,,,,,,,,,,,,,,,,,,,,,,,
15795,-25.09291,0.4310549036179221,,,,,,,,,,,,,,,,,,,,,,,,,,
15795,-25.094800000000003,0.5999221537871623,,,,,,,,,,,,,,,,,,,,,,,,,,
15795,-25.09165,0.4476988793003848,,,,,,,,,,,,,,,,,,,,,,,,,,
15795,-25.09053,0.5968424242174354,,,,,,,,,,,,,,,,,,,,,,,,,,
15795,-25.09361,0.5570263228886962,,,,,,,,,,,,,,,,,,,,,,,,,,
15795,-25.09228,0.4227401327173264,,,,,,,,,,,,,,,,,,,,,,,,,,
15795,-25.09431,0.4948406857765081,,,,,,,,,,,,,,,,,,,,,,,,,,
15795,-25.09123,0.5694856893732468,,,,,,,,,,,,,,,,,,,,,,,,,,
